accuracy,precision,recall,f1_score
0.7610208816705336,0.8242009132420092,0.736734693877551,0.7780172413793103
